Name,url,price,rate
Name,url,price,rate
Name,url,price,rate
【楽天スーパーセール20％割引!】【三田和牛】ウチヒラすき焼・しゃぶしゃぶ用250g（2人前）【国産牛肉 和牛 黒毛和牛 ギフト 帰歳暮 御贈答 内祝い 御祝 出産祝 快気祝 お中元 お歳暮 お誕生日 ハンバーグ 霜降り肉 但馬牛】,https://item.rakuten.co.jp/meat-maichiku/sanda-uchihira-shabushabu-300g/,"2,754円 +送料1,120円 * ",None
【スーパーSALE 限定3セット 10％OFF】 母の日 早割 ふぐの粕漬け吟醸仕込みセット 母の日 魚 お酒のおとも セット　ギフト 魚 父の日 父親 誕生日 プレゼント お返しギフト お返しお礼 お祝い返し お祝い ギフトセット 内祝いお返し 御歳暮　御年賀　バレンタイン,https://item.rakuten.co.jp/aburayosyouten/100000011/,"3,420円 送料無料 ",None
【楽天スーパーセール20％割引!】【三田和牛】赤身モモすき焼・しゃぶしゃぶ用260g（2人前）【国産牛肉 和牛 黒毛和牛 ギフト 帰歳暮 御贈答 内祝い 御祝 出産祝 快気祝 お中元 お歳暮 お誕生日 ハンバーグ 霜降り肉 但馬牛】,https://item.rakuten.co.jp/meat-maichiku/sanda-thigh-shabushabu-300g/,"2,600円 +送料1,120円 * ",None
米沢牛 赤身焼肉用 800g 【送料無料】 国産牛 三大和牛 黒毛和牛 牛肉 和牛 米澤紀伊國屋 / お取り寄せ 通販 お土産 お祝い プレゼント ギフト バレンタイン おすすめ /,https://item.rakuten.co.jp/wagamachi-san/s0620200120/,"11,247円 送料無料 ",None
【10%以上OFF】 楽天スーパーSALE 内祝い お返し 送料無料 お礼 ギフト カレー・スープ ろくさん亭 道場六三郎 スープ・雑炊ギフト HZ-10D プチギフト 新築 引越し,https://item.rakuten.co.jp/adachi-umai/s-50230170/,"2,840円 送料無料 ",None
キヌアクリスピー100g 高タンパク低カロリーな食材　女性に嬉しい　ダイエット効果　茹でる必要なし！そのまま食べられる【ポスト投函】,https://item.rakuten.co.jp/niku-icchou/qnoacp1/,900円 送料無料 ,None
【一本物】【送料無料】売れすぎで発送が遅れています！有色辛子明太子（中〜大）1kg×2＝2kg！！--メガ盛り--【業務用】【RCP】/お中元/02P06Aug16,https://item.rakuten.co.jp/kanekyu-store/menntaiko-1x-2-2-1-m/,"5,290円 送料無料 ",None
米沢牛 赤身焼肉用 500g 【送料無料】 国産牛 三大和牛 黒毛和牛 牛肉 和牛 米澤紀伊國屋 / お取り寄せ 通販 お土産 お祝い プレゼント ギフト バレンタイン おすすめ /,https://item.rakuten.co.jp/wagamachi-san/s0620200117/,"7,514円 送料無料 ",None
【産地直送品】【高見味噌店】麦仕立て紅こうじ【500g クール便 冷蔵】漢方素材として珍宝。紅こうじと麦麹で仕込んだまろやかな味。甘口の良い香りの味噌。,https://item.rakuten.co.jp/umai-men/0414304700106/,"780円 +送料1,199円 ",None
米沢牛 赤身焼肉用 300g 【送料無料】 国産牛 三大和牛 黒毛和牛 牛肉 和牛 米澤紀伊國屋 / お取り寄せ 通販 お土産 お祝い プレゼント ギフト バレンタイン おすすめ /,https://item.rakuten.co.jp/wagamachi-san/s0620200115/,"5,026円 送料無料 ",None
【10%以上OFF】 楽天スーパーSALE 内祝い お返し 送料無料 お礼 ギフト 調味料・砂糖 日清オイリオ オリーブオイル＆バラエティオイルギフトセット OV-25N プチギフト 新築 引越し,https://item.rakuten.co.jp/adachi-umai/s-5013469/,"2,840円 送料無料 ",None
＼10％引／[ 楽天スーパーSALE期間中 ]豚バラ軟骨角煮みそ味 4パックセット（合計約1kg）　　　【豚肉】【ばら肉】【コラーゲン】【贈答/ギフト可】,https://item.rakuten.co.jp/moto7mita/butabaramiso4s/,"3,510円 送料無料 ",None
15%OFF 三和油脂　サンワギフト　まいにちのこめ油　900g×4本入栄養 料理 ビタミンe 送料無料 クーポン 配布中 【メーカー直送 代引き・期日指定・ギフト包装・キャンセル・返品不可 欠品の場合、納品遅れやキャンセルが発生します。】,https://item.rakuten.co.jp/madelin/abt-1092252/,"3,794円 送料無料 ",None
10%OFF【SS】あんだんすー 赤マルソウ 沖縄豚肉みそ 12個工場直送 プレゼント 肉味噌 肉みそ 豚肉みそ 沖縄土産 お土産通 お取り寄せ 油みそ ご飯のお供 おかず味噌,https://item.rakuten.co.jp/akamarusou/butamiso-12-ss/,"4,309円 +送料1,080円 * ",None
キヌアクリスピー100g 高タンパク低カロリーな食材　女性に嬉しい　ダイエット効果　茹でる必要なし！そのまま食べられる【ポスト投函】,https://item.rakuten.co.jp/toyblock/qnoacp1/,720円 送料無料 ,None
フジチク　馬刺しと焼酎の晩酌セット【梅】(上赤身・ユッケ)【送料無料】 / お取り寄せ 通販 お土産 お祝い プレゼント ギフト バレンタイン おすすめ /,https://item.rakuten.co.jp/wagamachi-san/s8063200009/,"5,832円 送料無料 ",None
100％秋田育ち！ 比内地鶏ぞうすい 3袋セット 【送料無料】 / 秋田県 あきたこまち 比内地鶏 ぞうすい 雑炊 お取り寄せ 通販 お土産 お祝い プレゼント ギフト 母の日 おすすめ /,https://item.rakuten.co.jp/wagamachi-tokusan/s0534800008/,"1,701円 送料無料 ",None
【送料無料】福岡百貨店の贈答品のB級品だから旨い!!本場九州博多製造☆【訳あり】辛子明太子1kg,https://item.rakuten.co.jp/nextlifestyle/ts-029/,"10,341円 送料無料 ",None
【楽天スーパーセール】ベトナム・生春巻き （ ライスペーパー 22cm、250g） 約20枚強 グルテンフリー,https://item.rakuten.co.jp/bali-indah/899208/,436円 +送料557円 ,5(6件)
【楽天スーパーセール20％割引!】【三田和牛】ロースバラ（肩ロース・バラ）焼肉用320g（3人前）【国産牛肉 和牛 黒毛和牛 ギフト 帰歳暮 御贈答 内祝い 御祝 出産祝 快気祝 お中元 お歳暮 お誕生日 ハンバーグ 霜降り肉 但馬牛】,https://item.rakuten.co.jp/meat-maichiku/sanda-roast-bara-yakiniku-400g/,"4,814円 +送料1,120円 * ",None
【10%以上OFF】 楽天スーパーSALE 内祝い お返し 送料無料 お礼 ギフト 食品オリジナル 食卓の彩り 調味料詰合せ SC-6,https://item.rakuten.co.jp/adachi-umai/s-50009982/,"3,348円 送料無料 ",3(1件)
【楽天スーパーセール20％割引!】【三田和牛】カルビ(カイノミ・フランク・トモバラ)焼肉用370g（3人前）【国産牛肉 和牛 黒毛和牛 三田和牛 御贈答 内祝い 御祝 出産祝 快気祝 お中元 お歳暮 帰歳暮 お誕生日 霜降 カルビ バラ 焼肉】,https://item.rakuten.co.jp/meat-maichiku/sanda-calvi-yakiniku-400g/,"3,589円 +送料1,120円 * ",None
15%OFF ぬか床　500g×10個 送料無料 クーポン 配布中 【メーカー直送 代引き・期日指定・ギフト包装・キャンセル・返品不可 欠品の場合、納品遅れやキャンセルが発生します。】,https://item.rakuten.co.jp/madelin/abt-6017an/,"3,903円 送料無料 ",None
ヘルシー穀物酢 1.8L タマノイお酢 こくもつ酢 大容量 まとめ買い 調味料 家庭用 業務用 [店舗にもお勧め] [家庭にもお勧め] [常温商品],https://item.rakuten.co.jp/z-foods/31111-0000087755-01/,480円 +送料690円 ,None
【10%以上OFF】 楽天スーパーSALE お返し 内祝い ギフト ハム・ソーセージ 日本ハム 本格派吟王ハムギフトFS-30 産直 新築 お礼 引越し 志 仏事 送料無料,https://item.rakuten.co.jp/adachi-umai/s-50312108/,"3,607円 送料無料 ",None
10％OFF【SS】ポン酢 業務用 赤マルソウ シークヮーサーぽん酢 1.8L お徳用 沖縄 シークワーサー しゃぶしゃぶ 居酒屋 お得 ポンズ ポン酢 ポン酢業務用 ぽんず 業務用ぽん酢 ポン酢業務用,https://item.rakuten.co.jp/akamarusou/otoku-12ss/,"1,944円 +送料1,080円 * ",None
栄ちゃん印たまり味噌漬　しょうが（漬物　たまり漬け　味噌漬け　みそ漬け　日光名産　日光土産　日光のけっこう漬　国産　ワイン蜂蜜仕込み）,https://item.rakuten.co.jp/kekkozuke/011/,486円 +送料830円 ,None
【10%以上OFF】 楽天スーパーSALE お返し 内祝い ギフト バラエティ 特選 海幸彩 TUM-25B 新築 お礼 引越し 志 仏事 送料無料,https://item.rakuten.co.jp/adachi-umai/s-50230091/,"2,840円 送料無料 ",None
【特価商品】大根もち 50g×20個入 104326(だいこんもち だいこん餅 大根餅),https://item.rakuten.co.jp/syokusai-shop/s104326/,895円 +送料790円 ,None
フィッシュフリッター白身フライ 1kg ハインツ日本魚介類 揚げ物 おかず オカズ 惣菜 夕飯 夕食 簡単 お弁当 大容量 まとめ買い 家庭用 業務用 [店舗にもお勧め] [食卓にもお勧め] [冷凍食品],https://item.rakuten.co.jp/z-foods/11111-0000005915-01/,"2,592円 +送料1,100円 * ",None
【楽天スーパーセール20％割引!】【三田和牛】霜降りロース（リブロース）焼肉用250g（2人前）【国産牛肉 和牛 黒毛和牛 ギフト 帰歳暮 御贈答 内祝い 御祝 出産祝 快気祝 お中元 お歳暮 お誕生日 ハンバーグ 霜降り肉 但馬牛】,https://item.rakuten.co.jp/meat-maichiku/sanda-ribulose-yakiniku-300g/,"4,590円 +送料1,120円 * ",None
炎のもつ鍋 2〜3人前 詰合せ もつ鍋 もつ鍋セット 惣菜 辛みそ味 味噌味 ピリ辛 鍋セット みそ味 九州 本場 博多 人気店 ありづき 福岡 蟻月,https://item.rakuten.co.jp/nipponselect/s72130006/,"4,762円 送料無料 ",None
15%OFF フジサワ　シリアルにトッピング　ミックスドライフルーツシリアル(150g)　×10セット 送料無料 クーポン 配布中 【メーカー直送 代引き・期日指定・ギフト包装・キャンセル・返品不可 欠品の場合、納品遅れやキャンセルが発生します。】,https://item.rakuten.co.jp/madelin/abt-0451bt/,"3,722円 送料無料 ",None
20%OFF タカハシソース　カントリーハーヴェスト 有機トマトケチャップ 500gソフト　10本セット　017135 送料無料 クーポン 配布中 【メーカー直送 代引き・期日指定・ギフト包装・キャンセル・返品不可 欠品の場合、納品遅れやキャンセルが発生します。,https://item.rakuten.co.jp/madelin/abt-1440037/,"4,787円 送料無料 ",None
惣菜庵甘酢あんかけ 1200g Mizkan約1.2kg 調味料 中華料理 和食 ソース 業務用 [常温商品],https://item.rakuten.co.jp/z-foods/31211-0000011471-01/,864円 +送料690円 ,None
【スーパーSALE】【産地直送品】【まからずや】寄島かきめし　1人前　グルメ＆ダイニングスタイルショー春2017新製品コンテスト　フード部門大賞受賞【クール便 冷凍】,https://item.rakuten.co.jp/umai-men/makarazuya_01/,"1,370円 +送料1,199円 ",None
【楽天スーパーセール】おかゆ ライスるん 野菜＆きのこ 40gx5袋 備蓄用 非常食 5年保存,https://item.rakuten.co.jp/bali-indah/t81mt207x5/,"1,906円 +送料450円 ",None
ハウス「やさしくラクケア サトウの低たんぱくごはん」(1/25)　180g ×20個セット,https://item.rakuten.co.jp/benkyo/4902402886755/,"5,368円 送料無料 ",None
厨房応援団 チャーハンの素 1L エバラ炒飯 中華料理 大容量 まとめ買い 調味料 家庭用 業務用 [店舗にもお勧め] [家庭にもお勧め] [常温商品],https://item.rakuten.co.jp/z-foods/31311-0000036873-01/,"1,368円 +送料690円 ",None
【10%以上OFF】 楽天スーパーSALE お返し 内祝い ギフト 調味料・砂糖 オリバデオイリオ エキストラバージンオリーブオイルOL-30 新築 お礼 引越し 志 仏事 送料無料,https://item.rakuten.co.jp/adachi-umai/s-52290613/,"3,348円 送料無料 ",4(1件)
【産地直送品】いちぢくジャム【150g】着色料を一切使っていない、素材のうまさを活かしたイチヂクジャム。【松野屋食品】,https://item.rakuten.co.jp/umai-men/0422306000070/,780円 +送料899円 ,None
【10%以上OFF】 楽天スーパーSALE お返し 内祝い ギフト 海苔 白子のり 有明海産のり詰合せNF-20E 新築 お礼 引越し 志 仏事 送料無料,https://item.rakuten.co.jp/adachi-umai/s-50001495/,"2,440円 送料無料 ",None
【楽天スーパーセール20％割引!】【三田和牛】カイノミ・フランクサイコロステーキ550g（4人前）【国産牛肉 和牛 黒毛和牛 ギフト 帰歳暮 御贈答 内祝い 御祝 出産祝 快気祝 お中元 お歳暮 お誕生日 ハンバーグ 霜降り肉 但馬牛】,https://item.rakuten.co.jp/meat-maichiku/sanda-kainomi-steak-550g/,"5,384円 +送料1,120円 * ",None
【楽天スーパーセール】鰹ふりだし【特選万能和風だし】（かつおだし）（ティーパック30袋入、業務用にも）,https://item.rakuten.co.jp/bali-indah/10120942/,"1,144円 +送料557円 ",5(1件)
フライドチキン （ サイ ） 5本入 ニチレイ5個 5人分 5人用 5人前 鶏肉 洋食 洋風 揚げ物 夕飯 夕食 お弁当 ランチ 昼食 おかず オカズ 家庭用 業務用 [店舗にもお勧め] [食卓にもお勧め] [冷凍食品],https://item.rakuten.co.jp/z-foods/11111-0000008860-01/,"999円 +送料1,100円 * ",None
Name,url,price,rate
フィッシュフリッター白身フライ 1kg ハインツ日本魚介類 揚げ物 おかず オカズ 惣菜 夕飯 夕食 簡単 お弁当 大容量 まとめ買い 家庭用 業務用 [店舗にもお勧め] [食卓にもお勧め] [冷凍食品],https://item.rakuten.co.jp/z-foods/11111-0000005915-01/,"2,592円 +送料1,100円 * ",None
【楽天スーパーセール20％割引!】【三田和牛】霜降りロース（リブロース）焼肉用250g（2人前）【国産牛肉 和牛 黒毛和牛 ギフト 帰歳暮 御贈答 内祝い 御祝 出産祝 快気祝 お中元 お歳暮 お誕生日 ハンバーグ 霜降り肉 但馬牛】,https://item.rakuten.co.jp/meat-maichiku/sanda-ribulose-yakiniku-300g/,"4,590円 +送料1,120円 * ",None
15%OFF フジサワ　シリアルにトッピング　ミックスドライフルーツシリアル(150g)　×10セット 送料無料 クーポン 配布中 【メーカー直送 代引き・期日指定・ギフト包装・キャンセル・返品不可 欠品の場合、納品遅れやキャンセルが発生します。】,https://item.rakuten.co.jp/madelin/abt-0451bt/,"3,722円 送料無料 ",None
炎のもつ鍋 2〜3人前 詰合せ もつ鍋 もつ鍋セット 惣菜 辛みそ味 味噌味 ピリ辛 鍋セット みそ味 九州 本場 博多 人気店 ありづき 福岡 蟻月,https://item.rakuten.co.jp/nipponselect/s72130006/,"4,762円 送料無料 ",None
20%OFF タカハシソース　カントリーハーヴェスト 有機トマトケチャップ 500gソフト　10本セット　017135 送料無料 クーポン 配布中 【メーカー直送 代引き・期日指定・ギフト包装・キャンセル・返品不可 欠品の場合、納品遅れやキャンセルが発生します。,https://item.rakuten.co.jp/madelin/abt-1440037/,"4,787円 送料無料 ",None
惣菜庵甘酢あんかけ 1200g Mizkan約1.2kg 調味料 中華料理 和食 ソース 業務用 [常温商品],https://item.rakuten.co.jp/z-foods/31211-0000011471-01/,864円 +送料690円 ,None
【スーパーSALE】【産地直送品】【まからずや】寄島かきめし　1人前　グルメ＆ダイニングスタイルショー春2017新製品コンテスト　フード部門大賞受賞【クール便 冷凍】,https://item.rakuten.co.jp/umai-men/makarazuya_01/,"1,370円 +送料1,199円 ",None
【楽天スーパーセール】おかゆ ライスるん 野菜＆きのこ 40gx5袋 備蓄用 非常食 5年保存,https://item.rakuten.co.jp/bali-indah/t81mt207x5/,"1,906円 +送料450円 ",None
ハウス「やさしくラクケア サトウの低たんぱくごはん」(1/25)　180g ×20個セット,https://item.rakuten.co.jp/benkyo/4902402886755/,"5,368円 送料無料 ",None
厨房応援団 チャーハンの素 1L エバラ炒飯 中華料理 大容量 まとめ買い 調味料 家庭用 業務用 [店舗にもお勧め] [家庭にもお勧め] [常温商品],https://item.rakuten.co.jp/z-foods/31311-0000036873-01/,"1,368円 +送料690円 ",None
【10%以上OFF】 楽天スーパーSALE お返し 内祝い ギフト 調味料・砂糖 オリバデオイリオ エキストラバージンオリーブオイルOL-30 新築 お礼 引越し 志 仏事 送料無料,https://item.rakuten.co.jp/adachi-umai/s-52290613/,"3,348円 送料無料 ",4(1件)
【産地直送品】いちぢくジャム【150g】着色料を一切使っていない、素材のうまさを活かしたイチヂクジャム。【松野屋食品】,https://item.rakuten.co.jp/umai-men/0422306000070/,780円 +送料899円 ,None
【10%以上OFF】 楽天スーパーSALE お返し 内祝い ギフト 海苔 白子のり 有明海産のり詰合せNF-20E 新築 お礼 引越し 志 仏事 送料無料,https://item.rakuten.co.jp/adachi-umai/s-50001495/,"2,440円 送料無料 ",None
【楽天スーパーセール20％割引!】【三田和牛】カイノミ・フランクサイコロステーキ550g（4人前）【国産牛肉 和牛 黒毛和牛 ギフト 帰歳暮 御贈答 内祝い 御祝 出産祝 快気祝 お中元 お歳暮 お誕生日 ハンバーグ 霜降り肉 但馬牛】,https://item.rakuten.co.jp/meat-maichiku/sanda-kainomi-steak-550g/,"5,384円 +送料1,120円 * ",None
【楽天スーパーセール】鰹ふりだし【特選万能和風だし】（かつおだし）（ティーパック30袋入、業務用にも）,https://item.rakuten.co.jp/bali-indah/10120942/,"1,144円 +送料557円 ",5(1件)
フライドチキン （ サイ ） 5本入 ニチレイ5個 5人分 5人用 5人前 鶏肉 洋食 洋風 揚げ物 夕飯 夕食 お弁当 ランチ 昼食 おかず オカズ 家庭用 業務用 [店舗にもお勧め] [食卓にもお勧め] [冷凍食品],https://item.rakuten.co.jp/z-foods/11111-0000008860-01/,"999円 +送料1,100円 * ",None
ハーフ 1kg キユーピーキューピー QP サラダ 調味料 ソース ダイエット 大容量 まとめ買い 業務用 [常温商品],https://item.rakuten.co.jp/z-foods/31111-0000036489-01/,"1,098円 +送料690円 ",None
【楽天スーパーセール20％割引!】【三田和牛】赤身モモステーキ（マルシン・ウチrヒラ）180g/1枚（1人前）【国産牛肉 和牛 黒毛和牛 三田和牛 御贈答 内祝い 御祝 出産祝 快気祝 お中元 お歳暮 お誕生日 ステーキ 赤身肉 モモ】,https://item.rakuten.co.jp/meat-maichiku/sanda-momo-steak-200g/,"2,141円 +送料1,120円 * ",None
20%OFF タカハシソース　OFCオーガニック黒糖 400g 12個セット　964019 送料無料 クーポン 配布中 【メーカー直送 代引き・期日指定・ギフト包装・キャンセル・返品不可 欠品の場合、納品遅れやキャンセルが発生します。】,https://item.rakuten.co.jp/madelin/abt-1455315/,"4,971円 送料無料 ",None
【特価商品】ナシゴレン 250g×5袋入 20663(カフェ エスニック ランチ 軽食 ちゃーはん なしごれん 洋風軽食 レンジ),https://item.rakuten.co.jp/syokusai-shop/s20663/,"1,272円 +送料790円 ",None
キヌアパフ100g サックサク食感 高タンパク低カロリーな食材　女性に嬉しい　茹でる必要なし！そのまま食べられる【ポスト投函】,https://item.rakuten.co.jp/niku-icchou/qnoahp1/,900円 +送料280円 ,None
"＼スーパーSALE10％OFF／珍味 おつまみ 乾き物 お徳用【 大袋ファミリーサイズ 】鮭スティック 110g 1,000円 卸値価格鮭 さけ サーモン おつまみ 珍味 酒の肴 ビールに合う おやつ【 コンビニ受取対応商品 】",https://item.rakuten.co.jp/nishizawa-ch/s073b-ss/,900円 +送料550円 ,None
【特価商品】焼きおにぎり 70g×10個入 104218(冷凍 業務用 おにぎり おむすび 焼おにぎり レンジ),https://item.rakuten.co.jp/syokusai-shop/s104218/,508円 +送料790円 ,None
【楽天スーパーセール20％割引!】【三田和牛】カルビ(カイノミ・フランク・トモバラ)焼肉用460g（4人前）【国産牛肉 和牛 黒毛和牛 三田和牛 御贈答 内祝い 御祝 出産祝 快気祝 お中元 お歳暮 帰歳暮 お誕生日 霜降 カルビ バラ 焼肉】,https://item.rakuten.co.jp/meat-maichiku/sanda-calvi-yakiniku-500g/,"4,487円 +送料1,120円 * ",None
【今だけ半額!】ハワイアンブラックソルト 1.76 oz 50g (テール エグゾチック)☆☆【ポイントUP★3/2 18:00-3/11 09:59迄】,https://item.rakuten.co.jp/harmony/te-32270-ss/,590円 +送料740円 ,None
＼263円⇒衝撃10％OFFセール／昔懐かし手包みオムライス250g 冷凍食品 簡単調理 在宅応援 便利 ヤヨイ 業務用,https://item.rakuten.co.jp/once-in/ts-hand-omuraisu/,"254円 +送料1,250円 * ",None
スーパーSALE特別価格！【25％OFF】送料無料 大人も子供も嬉しい 焼肉セット 計1.3kg 4〜5人前 ファミリー A4等級 和牛 カルビ ロース ハラミ 牛タン 等人気部位の バーベキューセット,https://item.rakuten.co.jp/horumonnet2911/ss_bbq-h2/,"4,844円 送料無料 ",None
【10%以上OFF】 楽天スーパーSALE ギフト 内祝い お返し お礼 カレー・スープ 味和心 神田川俊郎監修 お味噌汁・お吸い物・やくみギフト(椿) FKMT-D 新築 お礼 引越し 志 仏事 送料無料,https://item.rakuten.co.jp/adachi-umai/s-51242375/,"2,840円 送料無料 ",None
◆楽天スーパーセール期間限定商品◆【送料無料!!】令和2年産◇会津こがねもち　白米　5kg×2袋◇計10kg,https://item.rakuten.co.jp/auc-nihei-aizu/10000034/,"4,370円 送料無料 ",None
柿の葉ずし3種15個（鯖・鮭・穴子）奈良特産品 冷凍【送料無料】 / お取り寄せ 通販 お土産 お祝い プレゼント ギフト 母の日 おすすめ /,https://item.rakuten.co.jp/wagamachi-tokusan/s2920400002/,"4,664円 送料無料 ",None
【SS期間限定10％OFF＆店内2点以上ご購入でさらに5％OFF】 ひやむぎ 乾麺 山形 寒河江 40人前 (200g×20束） 【送料無料】 のし・ラッピング対応可 ギフト 誕生日,https://item.rakuten.co.jp/sagaekanko/men22/,"3,700円 送料無料 ",4.7(10件)
うどんだし 1.8L ヒガシマルダシ うどん そば 鍋 調味料 めんつゆ 業務用 [常温商品],https://item.rakuten.co.jp/z-foods/31211-0000108027-01/,"1,762円 +送料690円 ",5(2件)
楽天スーパーSALE12%OFF『ヨッポギ』即席カップ甘辛トッポキ(140g)インスタント トッポキ 韓国料理 オススメスーパーセール ポイントアップ祭 マラソン,https://item.rakuten.co.jp/paldo/p846-sale/,221円 +送料715円 ,5(1件)
10%OFF【SS】☆こだわり調味料でプチ贅沢☆赤マルソウ シークヮーサー塩ぽん工場直送 沖縄土産 お取り寄せ 石垣 塩 シークヮーサー お鍋 ぽん酢 サラダ 石垣の塩 シークワーサー シークワサー 塩ぽん酢 唐揚げ から揚げ 沖縄土産 沖縄お土産,https://item.rakuten.co.jp/akamarusou/simaitiban-sioponss/,"504円 +送料1,080円 * ",5(1件)
揚げだし豆腐ブロック40 850g （ 20個入 ） マメックス大容量 まとめ買い 揚げ物 揚げ出し豆腐 和食 和風 調理 料理 京料理 家庭用 業務用 [店舗にもお勧め] [食卓にもお勧め] [冷凍食品],https://item.rakuten.co.jp/z-foods/11211-0000087697-01/,"908円 +送料1,100円 * ",2(1件)
【スーパーセール期間限定10％OFF】【お徳用】　[冷凍]串に刺さって食べやすい【土風炉】肉巻きおにぎり棒（11本入り）【RCP】,https://item.rakuten.co.jp/cupo/sr10000008/,"3,465円 +送料935円 * ",None
【スーパーセール10％OFF】リングイッサ トスカーナ フィニーニャ サントアマロ　400g linguica toscana fininha santo amaro【要冷蔵】【リングイッサ 生ソーセージ】【ソーセージ 人気】,https://item.rakuten.co.jp/kyodai/30140_k/,"757円 +送料1,000円 * ",None
【20％OFF】 つや姫 20kg (5kgX4) 送料無料 令和二年 令和2年 山形 山形県産 白米 精米 20キロ 特別栽培,https://item.rakuten.co.jp/oec014/tuyahime_20kg/,"9,600円 送料無料 ",None
黒毛和牛 とろろ明太もつ鍋 3〜4人前 宮崎県産 EMO牛 マルチョウ 小腸 醤油 長芋 送料無料 ギフト 国産 もつ鍋 贈り物 お取り寄せ グルメ 老舗 土産 特産品 福岡 宮崎,https://item.rakuten.co.jp/sevenpremium/ufs-0015/,"5,850円 送料無料 ",None
人気商品「ごぼう肉みそ」を含む 前田農園のご飯のおとも5本セット【送料無料】 / 鳥取 ごぼう肉みそ ごはんのおとも セット お取り寄せ 通販 お土産 お祝い プレゼント ギフト バレンタイン おすすめ /,https://item.rakuten.co.jp/wagamachi-tokusan/s3137200010/,"3,692円 送料無料 ",None
【特価商品】チキンライス 250g×5袋入 113408(カフェ 洋食 ランチ 彩り 鶏 軽食 トマトソース 洋風軽食 レンジ),https://item.rakuten.co.jp/syokusai-shop/s113408/,"1,119円 +送料790円 ",None
楽天スーパーSALE10%OFF[冷蔵]『ソウル』スンデ(500g)自家製軽食 加工食品 韓国料理 韓国食品マラソン ポイントアップ祭,https://item.rakuten.co.jp/paldo/p3009-sale/,"859円 +送料1,210円 ",None
楽天スーパーSALE10%OFF『オーテイスト』ハバネロ トッポキ&ヌードル｜即席トッポキ(132g)即席カップトッポキ ハバネロ 韓国料理 オススメマラソン ポイントアップ祭 スーパーセール,https://item.rakuten.co.jp/paldo/p8150-sale/,214円 +送料715円 ,None
一風堂 博多 絹ごし ラーメンセットD 白丸 赤丸 替玉 高菜 有名店【送料無料】 / 一風堂 ラーメン 有名店 お取り寄せ 通販 お土産 お祝い プレゼント ギフト 母の日 おすすめ /,https://item.rakuten.co.jp/wagamachi-tokusan/s2021400023/,"2,916円 送料無料 ",None
★楽天スーパーSALE★25％OFF★［数量限定］【ネコポス・代引不可】岩手県軽米町産エゴマ 100％　えごまパウダー 90g (1個口4袋まで)【（株）軽米町産業開発】,https://item.rakuten.co.jp/aomori/ss74-003/,324円 +送料230円 ,None
Name,url,price,rate
ノンオイル香味和風 ドレッシング 1L キユーピー キューピー QP 業務用 調味料サラダ 調味料 業務用 [常温商品],https://item.rakuten.co.jp/z-foods/31111-0000036491-01/,993円 +送料690円 ,5(4件)
【スーパーSALE】【産地直送品】【まからずや】寄島いかめし　1人前（3D冷凍）　寄島漁港で水揚げされたハリイカを当店秘伝の味付けでやわらかく煮込みました【クール便 冷凍】,https://item.rakuten.co.jp/umai-men/makarazuya_03/,"1,370円 +送料1,199円 ",None
【楽天スーパーセール期間限定価格！10％OFF！】【送料無料】極みの塩漬けお試し食べ比べセット 3種x3切 計9切入り さば サバ 鯖 ほっけ ホッケ カレイ 塩焼き 詰め合わせ おかず 酒の肴 つまみ 漬魚 漬け魚 惣菜 焼き魚 焼魚 冷凍,https://item.rakuten.co.jp/takatomi-f/30001/,"2,798円 送料無料 ",None
【産地直送品】【国定農産販売】ハトムギ精白粒【300g入り】国産のハト麦使用。白米と一緒に炊けるように精米機にかけたはと麦。手間をかけずに白米と一緒に食べれる優れもの。,https://item.rakuten.co.jp/umai-men/0401301100206/,"1,300円 +送料899円 ",None
【楽天スーパーセール20％割引!】【三田和牛】ウチヒラすき焼・しゃぶしゃぶ用250g（2人前）【国産牛肉 和牛 黒毛和牛 ギフト 帰歳暮 御贈答 内祝い 御祝 出産祝 快気祝 お中元 お歳暮 お誕生日 ハンバーグ 霜降り肉 但馬牛】,https://item.rakuten.co.jp/meat-maichiku/sanda-uchihira-shabushabu-300g/,"2,754円 +送料1,120円 * ",None
【スーパーSALE 限定3セット 10％OFF】 母の日 早割 ふぐの粕漬け吟醸仕込みセット 母の日 魚 お酒のおとも セット　ギフト 魚 父の日 父親 誕生日 プレゼント お返しギフト お返しお礼 お祝い返し お祝い ギフトセット 内祝いお返し 御歳暮　御年賀　バレンタイン,https://item.rakuten.co.jp/aburayosyouten/100000011/,"3,420円 送料無料 ",None
【楽天スーパーセール20％割引!】【三田和牛】赤身モモすき焼・しゃぶしゃぶ用260g（2人前）【国産牛肉 和牛 黒毛和牛 ギフト 帰歳暮 御贈答 内祝い 御祝 出産祝 快気祝 お中元 お歳暮 お誕生日 ハンバーグ 霜降り肉 但馬牛】,https://item.rakuten.co.jp/meat-maichiku/sanda-thigh-shabushabu-300g/,"2,600円 +送料1,120円 * ",None
米沢牛 赤身焼肉用 800g 【送料無料】 国産牛 三大和牛 黒毛和牛 牛肉 和牛 米澤紀伊國屋 / お取り寄せ 通販 お土産 お祝い プレゼント ギフト バレンタイン おすすめ /,https://item.rakuten.co.jp/wagamachi-san/s0620200120/,"11,247円 送料無料 ",None
【10%以上OFF】 楽天スーパーSALE 内祝い お返し 送料無料 お礼 ギフト カレー・スープ ろくさん亭 道場六三郎 スープ・雑炊ギフト HZ-10D プチギフト 新築 引越し,https://item.rakuten.co.jp/adachi-umai/s-50230170/,"2,840円 送料無料 ",None
キヌアクリスピー100g 高タンパク低カロリーな食材　女性に嬉しい　ダイエット効果　茹でる必要なし！そのまま食べられる【ポスト投函】,https://item.rakuten.co.jp/niku-icchou/qnoacp1/,900円 送料無料 ,None
【一本物】【送料無料】売れすぎで発送が遅れています！有色辛子明太子（中〜大）1kg×2＝2kg！！--メガ盛り--【業務用】【RCP】/お中元/02P06Aug16,https://item.rakuten.co.jp/kanekyu-store/menntaiko-1x-2-2-1-m/,"5,290円 送料無料 ",None
米沢牛 赤身焼肉用 500g 【送料無料】 国産牛 三大和牛 黒毛和牛 牛肉 和牛 米澤紀伊國屋 / お取り寄せ 通販 お土産 お祝い プレゼント ギフト バレンタイン おすすめ /,https://item.rakuten.co.jp/wagamachi-san/s0620200117/,"7,514円 送料無料 ",None
【産地直送品】【高見味噌店】麦仕立て紅こうじ【500g クール便 冷蔵】漢方素材として珍宝。紅こうじと麦麹で仕込んだまろやかな味。甘口の良い香りの味噌。,https://item.rakuten.co.jp/umai-men/0414304700106/,"780円 +送料1,199円 ",None
＼10％引／[ 楽天スーパーSALE期間中 ]豚バラ軟骨角煮みそ味 4パックセット（合計約1kg）　　　【豚肉】【ばら肉】【コラーゲン】【贈答/ギフト可】,https://item.rakuten.co.jp/moto7mita/butabaramiso4s/,"3,510円 送料無料 ",None
米沢牛 赤身焼肉用 300g 【送料無料】 国産牛 三大和牛 黒毛和牛 牛肉 和牛 米澤紀伊國屋 / お取り寄せ 通販 お土産 お祝い プレゼント ギフト バレンタイン おすすめ /,https://item.rakuten.co.jp/wagamachi-san/s0620200115/,"5,026円 送料無料 ",None
【10%以上OFF】 楽天スーパーSALE 内祝い お返し 送料無料 お礼 ギフト 調味料・砂糖 日清オイリオ オリーブオイル＆バラエティオイルギフトセット OV-25N プチギフト 新築 引越し,https://item.rakuten.co.jp/adachi-umai/s-5013469/,"2,840円 送料無料 ",None
15%OFF 三和油脂　サンワギフト　まいにちのこめ油　900g×4本入栄養 料理 ビタミンe 送料無料 クーポン 配布中 【メーカー直送 代引き・期日指定・ギフト包装・キャンセル・返品不可 欠品の場合、納品遅れやキャンセルが発生します。】,https://item.rakuten.co.jp/madelin/abt-1092252/,"3,794円 送料無料 ",None
10%OFF【SS】あんだんすー 赤マルソウ 沖縄豚肉みそ 12個工場直送 プレゼント 肉味噌 肉みそ 豚肉みそ 沖縄土産 お土産通 お取り寄せ 油みそ ご飯のお供 おかず味噌,https://item.rakuten.co.jp/akamarusou/butamiso-12-ss/,"4,309円 +送料1,080円 * ",None
キヌアクリスピー100g 高タンパク低カロリーな食材　女性に嬉しい　ダイエット効果　茹でる必要なし！そのまま食べられる【ポスト投函】,https://item.rakuten.co.jp/toyblock/qnoacp1/,720円 送料無料 ,None
フジチク　馬刺しと焼酎の晩酌セット【梅】(上赤身・ユッケ)【送料無料】 / お取り寄せ 通販 お土産 お祝い プレゼント ギフト バレンタイン おすすめ /,https://item.rakuten.co.jp/wagamachi-san/s8063200009/,"5,832円 送料無料 ",None
100％秋田育ち！ 比内地鶏ぞうすい 3袋セット 【送料無料】 / 秋田県 あきたこまち 比内地鶏 ぞうすい 雑炊 お取り寄せ 通販 お土産 お祝い プレゼント ギフト 母の日 おすすめ /,https://item.rakuten.co.jp/wagamachi-tokusan/s0534800008/,"1,701円 送料無料 ",None
【送料無料】福岡百貨店の贈答品のB級品だから旨い!!本場九州博多製造☆【訳あり】辛子明太子1kg,https://item.rakuten.co.jp/nextlifestyle/ts-029/,"10,341円 送料無料 ",None
【楽天スーパーセール】ベトナム・生春巻き （ ライスペーパー 22cm、250g） 約20枚強 グルテンフリー,https://item.rakuten.co.jp/bali-indah/899208/,436円 +送料557円 ,5(6件)
【楽天スーパーセール20％割引!】【三田和牛】ロースバラ（肩ロース・バラ）焼肉用320g（3人前）【国産牛肉 和牛 黒毛和牛 ギフト 帰歳暮 御贈答 内祝い 御祝 出産祝 快気祝 お中元 お歳暮 お誕生日 ハンバーグ 霜降り肉 但馬牛】,https://item.rakuten.co.jp/meat-maichiku/sanda-roast-bara-yakiniku-400g/,"4,814円 +送料1,120円 * ",None
【10%以上OFF】 楽天スーパーSALE 内祝い お返し 送料無料 お礼 ギフト 食品オリジナル 食卓の彩り 調味料詰合せ SC-6,https://item.rakuten.co.jp/adachi-umai/s-50009982/,"3,348円 送料無料 ",3(1件)
【楽天スーパーセール20％割引!】【三田和牛】カルビ(カイノミ・フランク・トモバラ)焼肉用370g（3人前）【国産牛肉 和牛 黒毛和牛 三田和牛 御贈答 内祝い 御祝 出産祝 快気祝 お中元 お歳暮 帰歳暮 お誕生日 霜降 カルビ バラ 焼肉】,https://item.rakuten.co.jp/meat-maichiku/sanda-calvi-yakiniku-400g/,"3,589円 +送料1,120円 * ",None
15%OFF ぬか床　500g×10個 送料無料 クーポン 配布中 【メーカー直送 代引き・期日指定・ギフト包装・キャンセル・返品不可 欠品の場合、納品遅れやキャンセルが発生します。】,https://item.rakuten.co.jp/madelin/abt-6017an/,"3,903円 送料無料 ",None
ヘルシー穀物酢 1.8L タマノイお酢 こくもつ酢 大容量 まとめ買い 調味料 家庭用 業務用 [店舗にもお勧め] [家庭にもお勧め] [常温商品],https://item.rakuten.co.jp/z-foods/31111-0000087755-01/,480円 +送料690円 ,None
【10%以上OFF】 楽天スーパーSALE お返し 内祝い ギフト ハム・ソーセージ 日本ハム 本格派吟王ハムギフトFS-30 産直 新築 お礼 引越し 志 仏事 送料無料,https://item.rakuten.co.jp/adachi-umai/s-50312108/,"3,607円 送料無料 ",None
10％OFF【SS】ポン酢 業務用 赤マルソウ シークヮーサーぽん酢 1.8L お徳用 沖縄 シークワーサー しゃぶしゃぶ 居酒屋 お得 ポンズ ポン酢 ポン酢業務用 ぽんず 業務用ぽん酢 ポン酢業務用,https://item.rakuten.co.jp/akamarusou/otoku-12ss/,"1,944円 +送料1,080円 * ",None
栄ちゃん印たまり味噌漬　しょうが（漬物　たまり漬け　味噌漬け　みそ漬け　日光名産　日光土産　日光のけっこう漬　国産　ワイン蜂蜜仕込み）,https://item.rakuten.co.jp/kekkozuke/011/,486円 +送料830円 ,None
【10%以上OFF】 楽天スーパーSALE お返し 内祝い ギフト バラエティ 特選 海幸彩 TUM-25B 新築 お礼 引越し 志 仏事 送料無料,https://item.rakuten.co.jp/adachi-umai/s-50230091/,"2,840円 送料無料 ",None
【特価商品】大根もち 50g×20個入 104326(だいこんもち だいこん餅 大根餅),https://item.rakuten.co.jp/syokusai-shop/s104326/,895円 +送料790円 ,None
フィッシュフリッター白身フライ 1kg ハインツ日本魚介類 揚げ物 おかず オカズ 惣菜 夕飯 夕食 簡単 お弁当 大容量 まとめ買い 家庭用 業務用 [店舗にもお勧め] [食卓にもお勧め] [冷凍食品],https://item.rakuten.co.jp/z-foods/11111-0000005915-01/,"2,592円 +送料1,100円 * ",None
【楽天スーパーセール20％割引!】【三田和牛】霜降りロース（リブロース）焼肉用250g（2人前）【国産牛肉 和牛 黒毛和牛 ギフト 帰歳暮 御贈答 内祝い 御祝 出産祝 快気祝 お中元 お歳暮 お誕生日 ハンバーグ 霜降り肉 但馬牛】,https://item.rakuten.co.jp/meat-maichiku/sanda-ribulose-yakiniku-300g/,"4,590円 +送料1,120円 * ",None
15%OFF フジサワ　シリアルにトッピング　ミックスドライフルーツシリアル(150g)　×10セット 送料無料 クーポン 配布中 【メーカー直送 代引き・期日指定・ギフト包装・キャンセル・返品不可 欠品の場合、納品遅れやキャンセルが発生します。】,https://item.rakuten.co.jp/madelin/abt-0451bt/,"3,722円 送料無料 ",None
炎のもつ鍋 2〜3人前 詰合せ もつ鍋 もつ鍋セット 惣菜 辛みそ味 味噌味 ピリ辛 鍋セット みそ味 九州 本場 博多 人気店 ありづき 福岡 蟻月,https://item.rakuten.co.jp/nipponselect/s72130006/,"4,762円 送料無料 ",None
20%OFF タカハシソース　カントリーハーヴェスト 有機トマトケチャップ 500gソフト　10本セット　017135 送料無料 クーポン 配布中 【メーカー直送 代引き・期日指定・ギフト包装・キャンセル・返品不可 欠品の場合、納品遅れやキャンセルが発生します。,https://item.rakuten.co.jp/madelin/abt-1440037/,"4,787円 送料無料 ",None
惣菜庵甘酢あんかけ 1200g Mizkan約1.2kg 調味料 中華料理 和食 ソース 業務用 [常温商品],https://item.rakuten.co.jp/z-foods/31211-0000011471-01/,864円 +送料690円 ,None
【スーパーSALE】【産地直送品】【まからずや】寄島かきめし　1人前　グルメ＆ダイニングスタイルショー春2017新製品コンテスト　フード部門大賞受賞【クール便 冷凍】,https://item.rakuten.co.jp/umai-men/makarazuya_01/,"1,370円 +送料1,199円 ",None
【楽天スーパーセール】おかゆ ライスるん 野菜＆きのこ 40gx5袋 備蓄用 非常食 5年保存,https://item.rakuten.co.jp/bali-indah/t81mt207x5/,"1,906円 +送料450円 ",None
ハウス「やさしくラクケア サトウの低たんぱくごはん」(1/25)　180g ×20個セット,https://item.rakuten.co.jp/benkyo/4902402886755/,"5,368円 送料無料 ",None
厨房応援団 チャーハンの素 1L エバラ炒飯 中華料理 大容量 まとめ買い 調味料 家庭用 業務用 [店舗にもお勧め] [家庭にもお勧め] [常温商品],https://item.rakuten.co.jp/z-foods/31311-0000036873-01/,"1,368円 +送料690円 ",None
【10%以上OFF】 楽天スーパーSALE お返し 内祝い ギフト 調味料・砂糖 オリバデオイリオ エキストラバージンオリーブオイルOL-30 新築 お礼 引越し 志 仏事 送料無料,https://item.rakuten.co.jp/adachi-umai/s-52290613/,"3,348円 送料無料 ",4(1件)
【産地直送品】いちぢくジャム【150g】着色料を一切使っていない、素材のうまさを活かしたイチヂクジャム。【松野屋食品】,https://item.rakuten.co.jp/umai-men/0422306000070/,780円 +送料899円 ,None
Name,url,price,rate
フィッシュフリッター白身フライ 1kg ハインツ日本魚介類 揚げ物 おかず オカズ 惣菜 夕飯 夕食 簡単 お弁当 大容量 まとめ買い 家庭用 業務用 [店舗にもお勧め] [食卓にもお勧め] [冷凍食品],https://item.rakuten.co.jp/z-foods/11111-0000005915-01/,"2,592円 +送料1,100円 * ",None
【楽天スーパーセール20％割引!】【三田和牛】霜降りロース（リブロース）焼肉用250g（2人前）【国産牛肉 和牛 黒毛和牛 ギフト 帰歳暮 御贈答 内祝い 御祝 出産祝 快気祝 お中元 お歳暮 お誕生日 ハンバーグ 霜降り肉 但馬牛】,https://item.rakuten.co.jp/meat-maichiku/sanda-ribulose-yakiniku-300g/,"4,590円 +送料1,120円 * ",None
15%OFF フジサワ　シリアルにトッピング　ミックスドライフルーツシリアル(150g)　×10セット 送料無料 クーポン 配布中 【メーカー直送 代引き・期日指定・ギフト包装・キャンセル・返品不可 欠品の場合、納品遅れやキャンセルが発生します。】,https://item.rakuten.co.jp/madelin/abt-0451bt/,"3,722円 送料無料 ",None
炎のもつ鍋 2〜3人前 詰合せ もつ鍋 もつ鍋セット 惣菜 辛みそ味 味噌味 ピリ辛 鍋セット みそ味 九州 本場 博多 人気店 ありづき 福岡 蟻月,https://item.rakuten.co.jp/nipponselect/s72130006/,"4,762円 送料無料 ",None
20%OFF タカハシソース　カントリーハーヴェスト 有機トマトケチャップ 500gソフト　10本セット　017135 送料無料 クーポン 配布中 【メーカー直送 代引き・期日指定・ギフト包装・キャンセル・返品不可 欠品の場合、納品遅れやキャンセルが発生します。,https://item.rakuten.co.jp/madelin/abt-1440037/,"4,787円 送料無料 ",None
惣菜庵甘酢あんかけ 1200g Mizkan約1.2kg 調味料 中華料理 和食 ソース 業務用 [常温商品],https://item.rakuten.co.jp/z-foods/31211-0000011471-01/,864円 +送料690円 ,None
【スーパーSALE】【産地直送品】【まからずや】寄島かきめし　1人前　グルメ＆ダイニングスタイルショー春2017新製品コンテスト　フード部門大賞受賞【クール便 冷凍】,https://item.rakuten.co.jp/umai-men/makarazuya_01/,"1,370円 +送料1,199円 ",None
【楽天スーパーセール】おかゆ ライスるん 野菜＆きのこ 40gx5袋 備蓄用 非常食 5年保存,https://item.rakuten.co.jp/bali-indah/t81mt207x5/,"1,906円 +送料450円 ",None
ハウス「やさしくラクケア サトウの低たんぱくごはん」(1/25)　180g ×20個セット,https://item.rakuten.co.jp/benkyo/4902402886755/,"5,368円 送料無料 ",None
厨房応援団 チャーハンの素 1L エバラ炒飯 中華料理 大容量 まとめ買い 調味料 家庭用 業務用 [店舗にもお勧め] [家庭にもお勧め] [常温商品],https://item.rakuten.co.jp/z-foods/31311-0000036873-01/,"1,368円 +送料690円 ",None
【10%以上OFF】 楽天スーパーSALE お返し 内祝い ギフト 調味料・砂糖 オリバデオイリオ エキストラバージンオリーブオイルOL-30 新築 お礼 引越し 志 仏事 送料無料,https://item.rakuten.co.jp/adachi-umai/s-52290613/,"3,348円 送料無料 ",4(1件)
【産地直送品】いちぢくジャム【150g】着色料を一切使っていない、素材のうまさを活かしたイチヂクジャム。【松野屋食品】,https://item.rakuten.co.jp/umai-men/0422306000070/,780円 +送料899円 ,None
【10%以上OFF】 楽天スーパーSALE お返し 内祝い ギフト 海苔 白子のり 有明海産のり詰合せNF-20E 新築 お礼 引越し 志 仏事 送料無料,https://item.rakuten.co.jp/adachi-umai/s-50001495/,"2,440円 送料無料 ",None
【楽天スーパーセール20％割引!】【三田和牛】カイノミ・フランクサイコロステーキ550g（4人前）【国産牛肉 和牛 黒毛和牛 ギフト 帰歳暮 御贈答 内祝い 御祝 出産祝 快気祝 お中元 お歳暮 お誕生日 ハンバーグ 霜降り肉 但馬牛】,https://item.rakuten.co.jp/meat-maichiku/sanda-kainomi-steak-550g/,"5,384円 +送料1,120円 * ",None
【楽天スーパーセール】鰹ふりだし【特選万能和風だし】（かつおだし）（ティーパック30袋入、業務用にも）,https://item.rakuten.co.jp/bali-indah/10120942/,"1,144円 +送料557円 ",5(1件)
フライドチキン （ サイ ） 5本入 ニチレイ5個 5人分 5人用 5人前 鶏肉 洋食 洋風 揚げ物 夕飯 夕食 お弁当 ランチ 昼食 おかず オカズ 家庭用 業務用 [店舗にもお勧め] [食卓にもお勧め] [冷凍食品],https://item.rakuten.co.jp/z-foods/11111-0000008860-01/,"999円 +送料1,100円 * ",None
ハーフ 1kg キユーピーキューピー QP サラダ 調味料 ソース ダイエット 大容量 まとめ買い 業務用 [常温商品],https://item.rakuten.co.jp/z-foods/31111-0000036489-01/,"1,098円 +送料690円 ",None
【楽天スーパーセール20％割引!】【三田和牛】赤身モモステーキ（マルシン・ウチrヒラ）180g/1枚（1人前）【国産牛肉 和牛 黒毛和牛 三田和牛 御贈答 内祝い 御祝 出産祝 快気祝 お中元 お歳暮 お誕生日 ステーキ 赤身肉 モモ】,https://item.rakuten.co.jp/meat-maichiku/sanda-momo-steak-200g/,"2,141円 +送料1,120円 * ",None
20%OFF タカハシソース　OFCオーガニック黒糖 400g 12個セット　964019 送料無料 クーポン 配布中 【メーカー直送 代引き・期日指定・ギフト包装・キャンセル・返品不可 欠品の場合、納品遅れやキャンセルが発生します。】,https://item.rakuten.co.jp/madelin/abt-1455315/,"4,971円 送料無料 ",None
【特価商品】ナシゴレン 250g×5袋入 20663(カフェ エスニック ランチ 軽食 ちゃーはん なしごれん 洋風軽食 レンジ),https://item.rakuten.co.jp/syokusai-shop/s20663/,"1,272円 +送料790円 ",None
キヌアパフ100g サックサク食感 高タンパク低カロリーな食材　女性に嬉しい　茹でる必要なし！そのまま食べられる【ポスト投函】,https://item.rakuten.co.jp/niku-icchou/qnoahp1/,900円 +送料280円 ,None
"＼スーパーSALE10％OFF／珍味 おつまみ 乾き物 お徳用【 大袋ファミリーサイズ 】鮭スティック 110g 1,000円 卸値価格鮭 さけ サーモン おつまみ 珍味 酒の肴 ビールに合う おやつ【 コンビニ受取対応商品 】",https://item.rakuten.co.jp/nishizawa-ch/s073b-ss/,900円 +送料550円 ,None
【特価商品】焼きおにぎり 70g×10個入 104218(冷凍 業務用 おにぎり おむすび 焼おにぎり レンジ),https://item.rakuten.co.jp/syokusai-shop/s104218/,508円 +送料790円 ,None
【楽天スーパーセール20％割引!】【三田和牛】カルビ(カイノミ・フランク・トモバラ)焼肉用460g（4人前）【国産牛肉 和牛 黒毛和牛 三田和牛 御贈答 内祝い 御祝 出産祝 快気祝 お中元 お歳暮 帰歳暮 お誕生日 霜降 カルビ バラ 焼肉】,https://item.rakuten.co.jp/meat-maichiku/sanda-calvi-yakiniku-500g/,"4,487円 +送料1,120円 * ",None
【今だけ半額!】ハワイアンブラックソルト 1.76 oz 50g (テール エグゾチック)☆☆【ポイントUP★3/2 18:00-3/11 09:59迄】,https://item.rakuten.co.jp/harmony/te-32270-ss/,590円 +送料740円 ,None
＼263円⇒衝撃10％OFFセール／昔懐かし手包みオムライス250g 冷凍食品 簡単調理 在宅応援 便利 ヤヨイ 業務用,https://item.rakuten.co.jp/once-in/ts-hand-omuraisu/,"254円 +送料1,250円 * ",None
スーパーSALE特別価格！【25％OFF】送料無料 大人も子供も嬉しい 焼肉セット 計1.3kg 4〜5人前 ファミリー A4等級 和牛 カルビ ロース ハラミ 牛タン 等人気部位の バーベキューセット,https://item.rakuten.co.jp/horumonnet2911/ss_bbq-h2/,"4,844円 送料無料 ",None
【10%以上OFF】 楽天スーパーSALE ギフト 内祝い お返し お礼 カレー・スープ 味和心 神田川俊郎監修 お味噌汁・お吸い物・やくみギフト(椿) FKMT-D 新築 お礼 引越し 志 仏事 送料無料,https://item.rakuten.co.jp/adachi-umai/s-51242375/,"2,840円 送料無料 ",None
◆楽天スーパーセール期間限定商品◆【送料無料!!】令和2年産◇会津こがねもち　白米　5kg×2袋◇計10kg,https://item.rakuten.co.jp/auc-nihei-aizu/10000034/,"4,370円 送料無料 ",None
柿の葉ずし3種15個（鯖・鮭・穴子）奈良特産品 冷凍【送料無料】 / お取り寄せ 通販 お土産 お祝い プレゼント ギフト 母の日 おすすめ /,https://item.rakuten.co.jp/wagamachi-tokusan/s2920400002/,"4,664円 送料無料 ",None
【SS期間限定10％OFF＆店内2点以上ご購入でさらに5％OFF】 ひやむぎ 乾麺 山形 寒河江 40人前 (200g×20束） 【送料無料】 のし・ラッピング対応可 ギフト 誕生日,https://item.rakuten.co.jp/sagaekanko/men22/,"3,700円 送料無料 ",4.7(10件)
うどんだし 1.8L ヒガシマルダシ うどん そば 鍋 調味料 めんつゆ 業務用 [常温商品],https://item.rakuten.co.jp/z-foods/31211-0000108027-01/,"1,762円 +送料690円 ",5(2件)
楽天スーパーSALE12%OFF『ヨッポギ』即席カップ甘辛トッポキ(140g)インスタント トッポキ 韓国料理 オススメスーパーセール ポイントアップ祭 マラソン,https://item.rakuten.co.jp/paldo/p846-sale/,221円 +送料715円 ,5(1件)
10%OFF【SS】☆こだわり調味料でプチ贅沢☆赤マルソウ シークヮーサー塩ぽん工場直送 沖縄土産 お取り寄せ 石垣 塩 シークヮーサー お鍋 ぽん酢 サラダ 石垣の塩 シークワーサー シークワサー 塩ぽん酢 唐揚げ から揚げ 沖縄土産 沖縄お土産,https://item.rakuten.co.jp/akamarusou/simaitiban-sioponss/,"504円 +送料1,080円 * ",5(1件)
揚げだし豆腐ブロック40 850g （ 20個入 ） マメックス大容量 まとめ買い 揚げ物 揚げ出し豆腐 和食 和風 調理 料理 京料理 家庭用 業務用 [店舗にもお勧め] [食卓にもお勧め] [冷凍食品],https://item.rakuten.co.jp/z-foods/11211-0000087697-01/,"908円 +送料1,100円 * ",2(1件)
【スーパーセール期間限定10％OFF】【お徳用】　[冷凍]串に刺さって食べやすい【土風炉】肉巻きおにぎり棒（11本入り）【RCP】,https://item.rakuten.co.jp/cupo/sr10000008/,"3,465円 +送料935円 * ",None
【スーパーセール10％OFF】リングイッサ トスカーナ フィニーニャ サントアマロ　400g linguica toscana fininha santo amaro【要冷蔵】【リングイッサ 生ソーセージ】【ソーセージ 人気】,https://item.rakuten.co.jp/kyodai/30140_k/,"757円 +送料1,000円 * ",None
【20％OFF】 つや姫 20kg (5kgX4) 送料無料 令和二年 令和2年 山形 山形県産 白米 精米 20キロ 特別栽培,https://item.rakuten.co.jp/oec014/tuyahime_20kg/,"9,600円 送料無料 ",None
黒毛和牛 とろろ明太もつ鍋 3〜4人前 宮崎県産 EMO牛 マルチョウ 小腸 醤油 長芋 送料無料 ギフト 国産 もつ鍋 贈り物 お取り寄せ グルメ 老舗 土産 特産品 福岡 宮崎,https://item.rakuten.co.jp/sevenpremium/ufs-0015/,"5,850円 送料無料 ",None
人気商品「ごぼう肉みそ」を含む 前田農園のご飯のおとも5本セット【送料無料】 / 鳥取 ごぼう肉みそ ごはんのおとも セット お取り寄せ 通販 お土産 お祝い プレゼント ギフト バレンタイン おすすめ /,https://item.rakuten.co.jp/wagamachi-tokusan/s3137200010/,"3,692円 送料無料 ",None
【特価商品】チキンライス 250g×5袋入 113408(カフェ 洋食 ランチ 彩り 鶏 軽食 トマトソース 洋風軽食 レンジ),https://item.rakuten.co.jp/syokusai-shop/s113408/,"1,119円 +送料790円 ",None
楽天スーパーSALE10%OFF[冷蔵]『ソウル』スンデ(500g)自家製軽食 加工食品 韓国料理 韓国食品マラソン ポイントアップ祭,https://item.rakuten.co.jp/paldo/p3009-sale/,"859円 +送料1,210円 ",None
楽天スーパーSALE10%OFF『オーテイスト』ハバネロ トッポキ&ヌードル｜即席トッポキ(132g)即席カップトッポキ ハバネロ 韓国料理 オススメマラソン ポイントアップ祭 スーパーセール,https://item.rakuten.co.jp/paldo/p8150-sale/,214円 +送料715円 ,None
一風堂 博多 絹ごし ラーメンセットD 白丸 赤丸 替玉 高菜 有名店【送料無料】 / 一風堂 ラーメン 有名店 お取り寄せ 通販 お土産 お祝い プレゼント ギフト 母の日 おすすめ /,https://item.rakuten.co.jp/wagamachi-tokusan/s2021400023/,"2,916円 送料無料 ",None
★楽天スーパーSALE★25％OFF★［数量限定］【ネコポス・代引不可】岩手県軽米町産エゴマ 100％　えごまパウダー 90g (1個口4袋まで)【（株）軽米町産業開発】,https://item.rakuten.co.jp/aomori/ss74-003/,324円 +送料230円 ,None
